{"0": {"-12": 1450.43212890625, "-9": 1415.8658400315505, "-6": 1454.0237755408655, "-3": 1458.8363553560698, "-11": 1450.7754281850962, "-8": 1453.8268338716948, "-5": 1453.511451134315, "-2": 1453.4511865234374},"1": {"-12": 1450.0, "-9": 1456.9154052734375, "-6": 1470.0094306413519, "-3": 1690.3739429820669, "-11": 1450.0, "-8": 1494.8038784293242, "-5": 1452.761962890625, "-2": 1447.0469082919035}