{"0": {"total_mean": 89.486276358119, "demand_mean": 1.2780102126564243, "cs_mean": 88.20826614546257},"1": {"total_mean": 19.56515861375037, "demand_mean": 2.838821114193479, "cs_mean": 16.72633749955689}