{"0": 105.18030085038481,"1": 110.66096014984713