{"0": {"-12": 2.1904761904761907, "-9": 0.7051282051282052, "-6": 1.1111111111111112, "-3": -0.09375, "-11": 1.2738853503184713, "-8": 1.414790996784566, "-5": 1.09717868338558, "-2": 0.9120521172638436},"1": {"-12": 0.6293706293706294, "-9": 1.6937354988399071, "-6": 1.351981351981352, "-3": 1.6666666666666667, "-11": 0.8409090909090909, "-8": 0.9006928406466512, "-5": 1.0297482837528604, "-2": 1.1161731207289294}